dimension,model,accuracy,n
concurrency,anthropic,0.6666666666666666,60
concurrency,openai,0.6607142857142857,56
security,anthropic,0.7666666666666667,60
security,openai,0.6727272727272727,55
